{"cameraMode":{"drawMode":0,"name":"Shaded","section":"Shading Mode"},"sceneLighting":false,"audioPlay":false,"sceneViewState":{"showFog":true,"showMaterialUpdate":false,"showSkybox":true,"showFlares":true,"showImageEffects":true,"showParticleSystems":true},"in2DMode":false,"pivot":{"x":2.210181951522827,"y":-0.14539414644241334,"z":10.485907554626465},"rotation":{"x":0.030213693156838418,"y":0.9690423607826233,"z":-0.19170667231082917,"w":0.1527077555656433},"size":22.0,"orthographic":false}