{"cameraMode":{"drawMode":0,"name":"Shaded","section":"Shading Mode"},"sceneLighting":false,"audioPlay":false,"sceneViewState":{"showFog":true,"showMaterialUpdate":false,"showSkybox":false,"showFlares":true,"showImageEffects":true,"showParticleSystems":true},"in2DMode":false,"pivot":{"x":-14.051332473754883,"y":-9.508803367614746,"z":-1.359513282775879},"rotation":{"x":-0.1996200829744339,"y":0.6997923254966736,"z":-0.21441297233104707,"w":-0.6515319347381592},"size":21.82234001159668,"orthographic":false}